{
    "nominal_gates_pos_and_type": [
        [
            0.45,
            -1.0,
            0,
            0,
            0,
            2.35,
            1
        ],
        [
            1.0,
            -1.55,
            0,
            0,
            0,
            -0.78,
            0
        ],
        [
            0.0,
            0.5,
            0,
            0,
            0,
            0,
            1
        ],
        [
            -0.5,
            -0.5,
            0,
            0,
            0,
            3.14,
            0
        ]
    ],
    "nomial_obstacle_pos": [
        [
            1.0,
            -0.5,
            0,
            0,
            0,
            0
        ],
        [
            0.5,
            -1.5,
            0,
            0,
            0,
            0
        ],
        [
            -0.5,
            0,
            0,
            0,
            0,
            0
        ],
        [
            0,
            1.0,
            0,
            0,
            0,
            0
        ],
        [
            0.75,
            -1.25,
            0,
            0,
            0,
            0
        ]
    ],
    "chekpoints": [
        [
            1,
            1,
            0.2
        ],
        [
            0.556721,
            -0.89459304,
            0.525
        ],
        [
            0.556721,
            -0.89459304,
            0.525
        ]
    ],
    "path": [
        [
            -0.499761, -0.35, 1
        ],
        [
            -0.958894, -0.421988, 0.952951
        ],
        [
            -1.02988, -0.51912, 0.965695
        ],
        [
            -0.721523, -0.650922, 0.960588
        ], 
        [
            -0.5576, -0.651079, 0.994457
        ], 
        [
            -0.500239, -0.65, 1
        ]
    ]
}